[
  {
    "beacon_id": 1,
    "group_id": 1,
    "node": 1,
    "numsens": 129,
    "threshold": 73,
    "direction": 2,
    "locname": "W H 3rd floor elevator",
    "other": null,
    "_level": 3,
    "bnorth": -10,
    "ndist": -10,
    "bsouth": 48,
    "sdist": 1,
    "beast": 3,
    "edist": 1,
    "bwest": -10,
    "wdist": -10,
    "bneast": -10,
    "neastdist": -10,
    "bnwest": -10,
    "nwestdist": -10,
    "bseast": -10,
    "seastdist": -10,
    "bswest": -10,
    "swestdist": -10
  },
  {
    "beacon_id": 1,
    "group_id": 1,
    "node": 2,
    "numsens": 129,
    "threshold": 73,
    "direction": 2,
    "locname": "W H 308 ACCESS Lab",
    "other": null,
    "_level": 3,
    "bnorth": -10,
    "ndist": -10,
    "bsouth": -10,
    "sdist": -10,
    "beast": -10,
    "edist": -10,
    "bwest": 3,
    "wdist": 1,
    "bneast": -10,
    "neastdist": -10,
    "bnwest": -10,
    "nwestdist": -10,
    "bseast": -10,
    "seastdist": -10,
    "bswest": -10,
    "swestdist": -10
  },
  {
    "beacon_id": 1,
    "group_id": 1,
    "node": 3,
    "numsens": 129,
    "threshold": 73,
    "direction": 2,
    "locname": "W H Hub 1 (3rd floor)",
    "other": "120,401",
    "_level": 3,
    "bnorth": 5,
    "ndist": 5,
    "bsouth": 47,
    "sdist": 2,
    "beast": 2,
    "edist": 1,
    "bwest": 1,
    "wdist": 1,
    "bneast": -10,
    "neastdist": -10,
    "bnwest": -10,
    "nwestdist": -10,
    "bseast": -10,
    "seastdist": -10,
    "bswest": -10,
    "swestdist": -10
  },
  {
    "beacon_id": 2,
    "group_id": 1,
    "node": 4,
    "numsens": 129,
    "threshold": 73,
    "direction": 2,
    "locname": "W H 309 E C E Student Lounge 1st Entrance ",
    "other": null,
    "_level": 3,
    "bnorth": -10,
    "ndist": -10,
    "bsouth": -10,
    "sdist": -10,
    "beast": -10,
    "edist": -10,
    "bwest": 5,
    "wdist": 1,
    "bneast": -10,
    "neastdist": -10,
    "bnwest": -10,
    "nwestdist": -10,
    "bseast": -10,
    "seastdist": -10,
    "bswest": -10,
    "swestdist": -10
  },
  {
    "beacon_id": 2,
    "group_id": 1,
    "node": 5,
    "numsens": 129,
    "threshold": 73,
    "direction": 2,
    "locname": "W H Hub 2 (3rd floor)",
    "other": "120,331",
    "_level": 3,
    "bnorth": 8,
    "ndist": 7,
    "bsouth": 3,
    "sdist": 5,
    "beast": 4,
    "edist": 1,
    "bwest": -10,
    "wdist": -10,
    "bneast": -10,
    "neastdist": -10,
    "bnwest": -10,
    "nwestdist": -10,
    "bseast": -10,
    "seastdist": -10,
    "bswest": -10,
    "swestdist": -10
  },
  {
    "beacon_id": 3,
    "group_id": 1,
    "node": 6,
    "numsens": 129,
    "threshold": 73,
    "direction": 2,
    "locname": "W H 300 E C E Department",
    "other": null,
    "_level": 3,
    "bnorth": -10,
    "ndist": -10,
    "bsouth": -10,
    "sdist": -10,
    "beast": 8,
    "edist": 2,
    "bwest": -10,
    "wdist": -10,
    "bneast": -10,
    "neastdist": -10,
    "bnwest": -10,
    "nwestdist": -10,
    "bseast": -10,
    "seastdist": -10,
    "bswest": -10,
    "swestdist": -10
  },
  {
    "beacon_id": 3,
    "group_id": 1,
    "node": 7,
    "numsens": 129,
    "threshold": 73,
    "direction": 2,
    "locname": "W H 309 E C E Student Lounge 2nd Entrance",
    "other": null,
    "_level": 3,
    "bnorth": -10,
    "ndist": -10,
    "bsouth": -10,
    "sdist": -10,
    "beast": -10,
    "edist": -10,
    "bwest": 8,
    "wdist": 1,
    "bneast": -10,
    "neastdist": -10,
    "bnwest": -10,
    "nwestdist": -10,
    "bseast": -10,
    "seastdist": -10,
    "bswest": -10,
    "swestdist": -10
  },
  {
    "beacon_id": 3,
    "group_id": 1,
    "node": 8,
    "numsens": 129,
    "threshold": 73,
    "direction": 2,
    "locname": "W H Hub 3 (3rd floor)",
    "other": "120,254",
    "_level": 3,
    "bnorth": 10,
    "ndist": 4,
    "bsouth": 5,
    "sdist": 7,
    "beast": 7,
    "edist": 1,
    "bwest": 6,
    "wdist": 2,
    "bneast": -10,
    "neastdist": -10,
    "bnwest": -10,
    "nwestdist": -10,
    "bseast": -10,
    "seastdist": -10,
    "bswest": -10,
    "swestdist": -10
  },
  {
    "beacon_id": 4,
    "group_id": 1,
    "node": 9,
    "numsens": 129,
    "threshold": 73,
    "direction": 2,
    "locname": "W H 311 Doctor Pang's Office",
    "other": null,
    "_level": 3,
    "bnorth": -10,
    "ndist": -10,
    "bsouth": -10,
    "sdist": -10,
    "beast": 10,
    "edist": 1,
    "bwest": -10,
    "wdist": -10,
    "bneast": -10,
    "neastdist": -10,
    "bnwest": -10,
    "nwestdist": -10,
    "bseast": -10,
    "seastdist": -10,
    "bswest": -10,
    "swestdist": -10
  },
  {
    "beacon_id": 4,
    "group_id": 1,
    "node": 10,
    "numsens": 129,
    "threshold": 73,
    "direction": 2,
    "locname": "W H Hub 4 (3rd floor)",
    "other": "120,199",
    "_level": 3,
    "bnorth": 13,
    "ndist": 4,
    "bsouth": 8,
    "sdist": 4,
    "beast": -10,
    "edist": -10,
    "bwest": 9,
    "wdist": 1,
    "bneast": -10,
    "neastdist": -10,
    "bnwest": -10,
    "nwestdist": -10,
    "bseast": -10,
    "seastdist": -10,
    "bswest": -10,
    "swestdist": -10
  },
  {
    "beacon_id": 5,
    "group_id": 1,
    "node": 11,
    "numsens": 129,
    "threshold": 73,
    "direction": 2,
    "locname": "W H 310 Classroom",
    "other": null,
    "_level": 3,
    "bnorth": -10,
    "ndist": -10,
    "bsouth": -10,
    "sdist": -10,
    "beast": -10,
    "edist": -10,
    "bwest": -10,
    "wdist": -10,
    "bneast": -10,
    "neastdist": -10,
    "bnwest": -10,
    "nwestdist": -10,
    "bseast": -10,
    "seastdist": -10,
    "bswest": 13,
    "swestdist": 1
  },
  {
    "beacon_id": 5,
    "group_id": 1,
    "node": 12,
    "numsens": 129,
    "threshold": 73,
    "direction": 2,
    "locname": "W H 312 CAPP Lab",
    "other": null,
    "_level": 3,
    "bnorth": -10,
    "ndist": -10,
    "bsouth": -10,
    "sdist": -10,
    "beast": 13,
    "edist": 1,
    "bwest": -10,
    "wdist": -10,
    "bneast": -10,
    "neastdist": -10,
    "bnwest": -10,
    "nwestdist": -10,
    "bseast": -10,
    "seastdist": -10,
    "bswest": -10,
    "swestdist": -10
  },
  {
    "beacon_id": 5,
    "group_id": 1,
    "node": 13,
    "numsens": 129,
    "threshold": 73,
    "direction": 2,
    "locname": "W H Hub 5 (3rd floor)",
    "other": "120,156",
    "_level": 3,
    "bnorth": 16,
    "ndist": 3,
    "bsouth": 10,
    "sdist": 4,
    "beast": -10,
    "edist": -10,
    "bwest": 12,
    "wdist": 1,
    "bneast": 11,
    "neastdist": 1,
    "bnwest": -10,
    "nwestdist": -10,
    "bseast": -10,
    "seastdist": -10,
    "bswest": -10,
    "swestdist": -10
  },
  {
    "beacon_id": 6,
    "group_id": 1,
    "node": 14,
    "numsens": 129,
    "threshold": 73,
    "direction": 2,
    "locname": "W H Women's Restroom (3rd floor)",
    "other": null,
    "_level": 3,
    "bnorth": -10,
    "ndist": -10,
    "bsouth": -10,
    "sdist": -10,
    "beast": -10,
    "edist": -10,
    "bwest": -10,
    "wdist": -10,
    "bneast": -10,
    "neastdist": -10,
    "bnwest": -10,
    "nwestdist": -10,
    "bseast": 16,
    "seastdist": 2,
    "bswest": -10,
    "swestdist": -10
  },
  {
    "beacon_id": 6,
    "group_id": 1,
    "node": 15,
    "numsens": 129,
    "threshold": 73,
    "direction": 2,
    "locname": "W H 314 Miss Rani's Office",
    "other": null,
    "_level": 3,
    "bnorth": -10,
    "ndist": -10,
    "bsouth": 16,
    "sdist": 1,
    "beast": -10,
    "edist": -10,
    "bwest": -10,
    "wdist": -10,
    "bneast": -10,
    "neastdist": -10,
    "bnwest": -10,
    "nwestdist": -10,
    "bseast": -10,
    "seastdist": -10,
    "bswest": -10,
    "swestdist": -10
  },
  {
    "beacon_id": 6,
    "group_id": 1,
    "node": 16,
    "numsens": 129,
    "threshold": 73,
    "direction": 2,
    "locname": "W H Hub 6 (3rd floor)",
    "other": "120,118",
    "_level": 3,
    "bnorth": 15,
    "ndist": 1,
    "bsouth": 13,
    "sdist": 3,
    "beast": 18,
    "edist": 11,
    "bwest": -10,
    "wdist": -10,
    "bneast": -10,
    "neastdist": -10,
    "bnwest": 14,
    "nwestdist": 2,
    "bseast": -10,
    "seastdist": -10,
    "bswest": -10,
    "swestdist": -10
  },
  {
    "beacon_id": 7,
    "group_id": 1,
    "node": 17,
    "numsens": 129,
    "threshold": 73,
    "direction": 2,
    "locname": "W H 315 Evergy Power Lab",
    "other": null,
    "_level": 3,
    "bnorth": -10,
    "ndist": -10,
    "bsouth": 18,
    "sdist": 1,
    "beast": -10,
    "edist": -10,
    "bwest": -10,
    "wdist": -10,
    "bneast": -10,
    "neastdist": -10,
    "bnwest": -10,
    "nwestdist": -10,
    "bseast": -10,
    "seastdist": -10,
    "bswest": -10,
    "swestdist": -10
  },
  {
    "beacon_id": 7,
    "group_id": 1,
    "node": 18,
    "numsens": 129,
    "threshold": 73,
    "direction": 2,
    "locname": "W H Hub 7 (3rd floor)",
    "other": "258,118",
    "_level": 3,
    "bnorth": 17,
    "ndist": 1,
    "bsouth": -10,
    "sdist": -10,
    "beast": 20,
    "edist": 4,
    "bwest": 16,
    "wdist": 11,
    "bneast": -10,
    "neastdist": -10,
    "bnwest": -10,
    "nwestdist": -10,
    "bseast": -10,
    "seastdist": -10,
    "bswest": -10,
    "swestdist": -10
  },
  {
    "beacon_id": 8,
    "group_id": 1,
    "node": 19,
    "numsens": 129,
    "threshold": 73,
    "direction": 2,
    "locname": "W H 317 Miss Blackerby's Office",
    "other": null,
    "_level": 3,
    "bnorth": -10,
    "ndist": -10,
    "bsouth": 20,
    "sdist": 1,
    "beast": -10,
    "edist": -10,
    "bwest": -10,
    "wdist": -10,
    "bneast": -10,
    "neastdist": -10,
    "bnwest": -10,
    "nwestdist": -10,
    "bseast": -10,
    "seastdist": -10,
    "bswest": -10,
    "swestdist": -10
  },
  {
    "beacon_id": 8,
    "group_id": 1,
    "node": 20,
    "numsens": 129,
    "threshold": 73,
    "direction": 2,
    "locname": "W H Hub 8 (3rd floor)",
    "other": "306,118",
    "_level": 3,
    "bnorth": 19,
    "ndist": 1,
    "bsouth": -10,
    "sdist": -10,
    "beast": 23,
    "edist": 3,
    "bwest": 18,
    "wdist": 4,
    "bneast": -10,
    "neastdist": -10,
    "bnwest": -10,
    "nwestdist": -10,
    "bseast": -10,
    "seastdist": -10,
    "bswest": -10,
    "swestdist": -10
  },
  {
    "beacon_id": 9,
    "group_id": 1,
    "node": 21,
    "numsens": 129,
    "threshold": 73,
    "direction": 2,
    "locname": "W H North Stairs (3rd floor)",
    "other": null,
    "_level": 3,
    "bnorth": -10,
    "ndist": -10,
    "bsouth": 23,
    "sdist": 1,
    "beast": -10,
    "edist": -10,
    "bwest": -10,
    "wdist": -10,
    "bneast": -10,
    "neastdist": -10,
    "bnwest": -10,
    "nwestdist": -10,
    "bseast": -10,
    "seastdist": -10,
    "bswest": -10,
    "swestdist": -10
  },
  {
    "beacon_id": 9,
    "group_id": 1,
    "node": 22,
    "numsens": 129,
    "threshold": 73,
    "direction": 2,
    "locname": "W H 319 E C E Adjuncts Office",
    "other": null,
    "_level": 3,
    "bnorth": -10,
    "ndist": -10,
    "bsouth": -10,
    "sdist": -10,
    "beast": -10,
    "edist": -10,
    "bwest": -10,
    "wdist": -10,
    "bneast": -10,
    "neastdist": -10,
    "bnwest": -10,
    "nwestdist": -10,
    "bseast": -10,
    "seastdist": -10,
    "bswest": 23,
    "swestdist": 2
  },
  {
    "beacon_id": 9,
    "group_id": 1,
    "node": 23,
    "numsens": 129,
    "threshold": 73,
    "direction": 2,
    "locname": "W H Hub 9 (3rd floor)",
    "other": "360,118",
    "_level": 3,
    "bnorth": 21,
    "ndist": 1,
    "bsouth": -10,
    "sdist": -10,
    "beast": -10,
    "edist": -10,
    "bwest": 20,
    "wdist": 3,
    "bneast": 22,
    "neastdist": 2,
    "bnwest": -10,
    "nwestdist": -10,
    "bseast": 25,
    "seastdist": 6,
    "bswest": -10,
    "swestdist": -10
  },
  {
    "beacon_id": 10,
    "group_id": 1,
    "node": 24,
    "numsens": 129,
    "threshold": 73,
    "direction": 2,
    "locname": "W H 321 Data Science Lab",
    "other": null,
    "_level": 3,
    "bnorth": -10,
    "ndist": -10,
    "bsouth": -10,
    "sdist": -10,
    "beast": 25,
    "edist": 1,
    "bwest": -10,
    "wdist": -10,
    "bneast": -10,
    "neastdist": -10,
    "bnwest": -10,
    "nwestdist": -10,
    "bseast": -10,
    "seastdist": -10,
    "bswest": -10,
    "swestdist": -10
  },
  {
    "beacon_id": 10,
    "group_id": 1,
    "node": 25,
    "numsens": 129,
    "threshold": 73,
    "direction": 2,
    "locname": "W H Hub 10 (3rd floor)",
    "other": "360,193",
    "_level": 3,
    "bnorth": -10,
    "ndist": -10,
    "bsouth": 28,
    "sdist": 3,
    "beast": -10,
    "edist": -10,
    "bwest": 24,
    "wdist": 1,
    "bneast": -10,
    "neastdist": -10,
    "bnwest": 23,
    "nwestdist": 6,
    "bseast": -10,
    "seastdist": -10,
    "bswest": -10,
    "swestdist": -10
  },
  {
    "beacon_id": 11,
    "group_id": 1,
    "node": 26,
    "numsens": 129,
    "threshold": 73,
    "direction": 2,
    "locname": "W H 322 Controls Systems Lab",
    "other": null,
    "_level": 3,
    "bnorth": -10,
    "ndist": -10,
    "bsouth": -10,
    "sdist": -10,
    "beast": 28,
    "edist": 1,
    "bwest": -10,
    "wdist": -10,
    "bneast": -10,
    "neastdist": -10,
    "bnwest": -10,
    "nwestdist": -10,
    "bseast": -10,
    "seastdist": -10,
    "bswest": -10,
    "swestdist": -10
  },
  {
    "beacon_id": 11,
    "group_id": 1,
    "node": 27,
    "numsens": 129,
    "threshold": 73,
    "direction": 2,
    "locname": "W H 320 E C E Lab Manager's Office",
    "other": null,
    "_level": 3,
    "bnorth": -10,
    "ndist": -10,
    "bsouth": -10,
    "sdist": -10,
    "beast": -10,
    "edist": -10,
    "bwest": 28,
    "wdist": 1,
    "bneast": -10,
    "neastdist": -10,
    "bnwest": -10,
    "nwestdist": -10,
    "bseast": -10,
    "seastdist": -10,
    "bswest": -10,
    "swestdist": -10
  },
  {
    "beacon_id": 11,
    "group_id": 1,
    "node": 28,
    "numsens": 129,
    "threshold": 73,
    "direction": 2,
    "locname": "W H Hub 11 (3rd floor)",
    "other": "360,228",
    "_level": 3,
    "bnorth": 25,
    "ndist": 3,
    "bsouth": 32,
    "sdist": 8,
    "beast": 27,
    "edist": 1,
    "bwest": 26,
    "wdist": 1,
    "bneast": -10,
    "neastdist": -10,
    "bnwest": -10,
    "nwestdist": -10,
    "bseast": -10,
    "seastdist": -10,
    "bswest": -10,
    "swestdist": -10
  },
  {
    "beacon_id": 12,
    "group_id": 1,
    "node": 29,
    "numsens": 129,
    "threshold": 73,
    "direction": 2,
    "locname": "W H 323 Cyber OPS Lab",
    "other": null,
    "_level": 3,
    "bnorth": -10,
    "ndist": -10,
    "bsouth": -10,
    "sdist": -10,
    "beast": 32,
    "edist": 1,
    "bwest": -10,
    "wdist": -10,
    "bneast": -10,
    "neastdist": -10,
    "bnwest": -10,
    "nwestdist": -10,
    "bseast": -10,
    "seastdist": -10,
    "bswest": -10,
    "swestdist": -10
  },
  {
    "beacon_id": 12,
    "group_id": 1,
    "node": 30,
    "numsens": 129,
    "threshold": 73,
    "direction": 2,
    "locname": "W H 324 Wireless Communication & Systems Lab",
    "other": null,
    "_level": 3,
    "bnorth": -10,
    "ndist": -10,
    "bsouth": -10,
    "sdist": -10,
    "beast": -10,
    "edist": -10,
    "bwest": 32,
    "wdist": 1,
    "bneast": -10,
    "neastdist": -10,
    "bnwest": -10,
    "nwestdist": -10,
    "bseast": -10,
    "seastdist": -10,
    "bswest": -10,
    "swestdist": -10
  },
  {
    "beacon_id": 12,
    "group_id": 1,
    "node": 31,
    "numsens": 129,
    "threshold": 73,
    "direction": 2,
    "locname": "W H 326 Doctor Sawan's Office",
    "other": null,
    "_level": 3,
    "bnorth": -10,
    "ndist": -10,
    "bsouth": -10,
    "sdist": -10,
    "beast": -10,
    "edist": -10,
    "bwest": -10,
    "wdist": -10,
    "bneast": -10,
    "neastdist": -10,
    "bnwest": 32,
    "nwestdist": 2,
    "bseast": -10,
    "seastdist": -10,
    "bswest": -10,
    "swestdist": -10
  },
  {
    "beacon_id": 12,
    "group_id": 1,
    "node": 32,
    "numsens": 129,
    "threshold": 73,
    "direction": 2,
    "locname": "W H Hub 12 (3rd floor)",
    "other": "360,331",
    "_level": 3,
    "bnorth": 28,
    "ndist": 8,
    "bsouth": 35,
    "sdist": 5,
    "beast": 30,
    "edist": 1,
    "bwest": 29,
    "wdist": 1,
    "bneast": -10,
    "neastdist": -10,
    "bnwest": -10,
    "nwestdist": -10,
    "bseast": 31,
    "seastdist": 2,
    "bswest": -10,
    "swestdist": -10
  },
  {
    "beacon_id": 13,
    "group_id": 1,
    "node": 33,
    "numsens": 129,
    "threshold": 73,
    "direction": 2,
    "locname": "W H 325 E C E Conference Room",
    "other": null,
    "_level": 3,
    "bnorth": -10,
    "ndist": -10,
    "bsouth": -10,
    "sdist": -10,
    "beast": 35,
    "edist": 1,
    "bwest": -10,
    "wdist": -10,
    "bneast": -10,
    "neastdist": -10,
    "bnwest": -10,
    "nwestdist": -10,
    "bseast": -10,
    "seastdist": -10,
    "bswest": -10,
    "swestdist": -10
  },
  {
    "beacon_id": 13,
    "group_id": 1,
    "node": 34,
    "numsens": 129,
    "threshold": 73,
    "direction": 2,
    "locname": "W H Men's Restroom (3rd floor)",
    "other": null,
    "_level": 3,
    "bnorth": -10,
    "ndist": -10,
    "bsouth": -10,
    "sdist": -10,
    "beast": -10,
    "edist": -10,
    "bwest": -10,
    "wdist": -10,
    "bneast": -10,
    "neastdist": -10,
    "bnwest": 35,
    "nwestdist": 1,
    "bseast": -10,
    "seastdist": -10,
    "bswest": -10,
    "swestdist": -10
  },
  {
    "beacon_id": 13,
    "group_id": 1,
    "node": 35,
    "numsens": 129,
    "threshold": 73,
    "direction": 2,
    "locname": "W H Hub 13 (3rd floor)",
    "other": "360,401",
    "_level": 3,
    "bnorth": 32,
    "ndist": 5,
    "bsouth": 37,
    "sdist": 3,
    "beast": -10,
    "edist": -10,
    "bwest": 33,
    "wdist": 1,
    "bneast": -10,
    "neastdist": -10,
    "bnwest": -10,
    "nwestdist": -10,
    "bseast": 34,
    "seastdist": 1,
    "bswest": -10,
    "swestdist": -10
  },
  {
    "beacon_id": 14,
    "group_id": 1,
    "node": 36,
    "numsens": 129,
    "threshold": 73,
    "direction": 2,
    "locname": "W H 329 Doctor Eslami's Office",
    "other": null,
    "_level": 3,
    "bnorth": -10,
    "ndist": -10,
    "bsouth": -10,
    "sdist": -10,
    "beast": -10,
    "edist": -10,
    "bwest": -10,
    "wdist": -10,
    "bneast": -10,
    "neastdist": -10,
    "bnwest": 37,
    "nwestdist": 1,
    "bseast": -10,
    "seastdist": -10,
    "bswest": -10,
    "swestdist": -10
  },
  {
    "beacon_id": 14,
    "group_id": 1,
    "node": 37,
    "numsens": 129,
    "threshold": 73,
    "direction": 2,
    "locname": "W H Hub 14 (3rd floor)",
    "other": "360,432",
    "_level": 3,
    "bnorth": 35,
    "ndist": 3,
    "bsouth": -10,
    "sdist": -10,
    "beast": -10,
    "edist": -10,
    "bwest": 39,
    "wdist": 5,
    "bneast": -10,
    "neastdist": -10,
    "bnwest": -10,
    "nwestdist": -10,
    "bseast": 36,
    "seastdist": 1,
    "bswest": -10,
    "swestdist": -10
  },
  {
    "beacon_id": 15,
    "group_id": 1,
    "node": 38,
    "numsens": 129,
    "threshold": 73,
    "direction": 2,
    "locname": "W H 330 Robot Intelligence Lab",
    "other": null,
    "_level": 3,
    "bnorth": 39,
    "ndist": 1,
    "bsouth": -10,
    "sdist": -10,
    "beast": -10,
    "edist": -10,
    "bwest": -10,
    "wdist": -10,
    "bneast": -10,
    "neastdist": -10,
    "bnwest": -10,
    "nwestdist": -10,
    "bseast": -10,
    "seastdist": -10,
    "bswest": -10,
    "swestdist": -10
  },
  {
    "beacon_id": 15,
    "group_id": 1,
    "node": 39,
    "numsens": 129,
    "threshold": 73,
    "direction": 2,
    "locname": "W H Hub 15 (3rd floor)",
    "other": "294,432",
    "_level": 3,
    "bnorth": -10,
    "ndist": -10,
    "bsouth": 38,
    "sdist": 1,
    "beast": 37,
    "edist": 5,
    "bwest": 41,
    "wdist": 3,
    "bneast": -10,
    "neastdist": -10,
    "bnwest": -10,
    "nwestdist": -10,
    "bseast": -10,
    "seastdist": -10,
    "bswest": -10,
    "swestdist": -10
  },
  {
    "beacon_id": 16,
    "group_id": 1,
    "node": 40,
    "numsens": 129,
    "threshold": 73,
    "direction": 2,
    "locname": "W H 331 Cyber Physical Systems Security Lab",
    "other": null,
    "_level": 3,
    "bnorth": 41,
    "ndist": 1,
    "bsouth": -10,
    "sdist": -10,
    "beast": -10,
    "edist": -10,
    "bwest": -10,
    "wdist": -10,
    "bneast": -10,
    "neastdist": -10,
    "bnwest": -10,
    "nwestdist": -10,
    "bseast": -10,
    "seastdist": -10,
    "bswest": -10,
    "swestdist": -10
  },
  {
    "beacon_id": 16,
    "group_id": 1,
    "node": 41,
    "numsens": 129,
    "threshold": 73,
    "direction": 2,
    "locname": "W H Hub 16 (3rd floor)",
    "other": "250,432",
    "_level": 3,
    "bnorth": -10,
    "ndist": -10,
    "bsouth": 40,
    "sdist": 1,
    "beast": 39,
    "edist": 3,
    "bwest": 43,
    "wdist": 6,
    "bneast": -10,
    "neastdist": -10,
    "bnwest": -10,
    "nwestdist": -10,
    "bseast": -10,
    "seastdist": -10,
    "bswest": -10,
    "swestdist": -10
  },
  {
    "beacon_id": 17,
    "group_id": 1,
    "node": 42,
    "numsens": 129,
    "threshold": 73,
    "direction": 2,
    "locname": "W H 332 Doctor Zewde's Office",
    "other": null,
    "_level": 3,
    "bnorth": 43,
    "ndist": 1,
    "bsouth": -10,
    "sdist": -10,
    "beast": -10,
    "edist": -10,
    "bwest": -10,
    "wdist": -10,
    "bneast": -10,
    "neastdist": -10,
    "bnwest": -10,
    "nwestdist": -10,
    "bseast": -10,
    "seastdist": -10,
    "bswest": -10,
    "swestdist": -10
  },
  {
    "beacon_id": 17,
    "group_id": 1,
    "node": 43,
    "numsens": 129,
    "threshold": 73,
    "direction": 2,
    "locname": "W H Hub 17 (3rd floor)",
    "other": "175,432",
    "_level": 3,
    "bnorth": -10,
    "ndist": -10,
    "bsouth": 42,
    "sdist": 1,
    "beast": 41,
    "edist": 6,
    "bwest": 47,
    "wdist": 4,
    "bneast": -10,
    "neastdist": -10,
    "bnwest": -10,
    "nwestdist": -10,
    "bseast": -10,
    "seastdist": -10,
    "bswest": -10,
    "swestdist": -10
  },
  {
    "beacon_id": 18,
    "group_id": 1,
    "node": 44,
    "numsens": 129,
    "threshold": 73,
    "direction": 2,
    "locname": "W H 333 Doctor Ding's Office",
    "other": null,
    "_level": 3,
    "bnorth": -10,
    "ndist": -10,
    "bsouth": -10,
    "sdist": -10,
    "beast": -10,
    "edist": -10,
    "bwest": -10,
    "wdist": -10,
    "bneast": -10,
    "neastdist": -10,
    "bnwest": 47,
    "nwestdist": 1,
    "bseast": -10,
    "seastdist": -10,
    "bswest": -10,
    "swestdist": -10
  },
  {
    "beacon_id": 18,
    "group_id": 1,
    "node": 45,
    "numsens": 129,
    "threshold": 73,
    "direction": 2,
    "locname": "W H South Stairs (3rd floor)",
    "other": null,
    "_level": 3,
    "bnorth": 47,
    "ndist": 1,
    "bsouth": -10,
    "sdist": -10,
    "beast": -10,
    "edist": -10,
    "bwest": -10,
    "wdist": -10,
    "bneast": -10,
    "neastdist": -10,
    "bnwest": -10,
    "nwestdist": -10,
    "bseast": -10,
    "seastdist": -10,
    "bswest": -10,
    "swestdist": -10
  },
  {
    "beacon_id": 18,
    "group_id": 1,
    "node": 46,
    "numsens": 129,
    "threshold": 73,
    "direction": 2,
    "locname": "W H 334 Doctor Sharma's Office",
    "other": null,
    "_level": 3,
    "bnorth": -10,
    "ndist": -10,
    "bsouth": -10,
    "sdist": -10,
    "beast": -10,
    "edist": -10,
    "bwest": -10,
    "wdist": -10,
    "bneast": 47,
    "neastdist": 2,
    "bnwest": -10,
    "nwestdist": -10,
    "bseast": -10,
    "seastdist": -10,
    "bswest": -10,
    "swestdist": -10
  },
  {
    "beacon_id": 18,
    "group_id": 1,
    "node": 47,
    "numsens": 129,
    "threshold": 73,
    "direction": 2,
    "locname": "W H Hub 18 (3rd floor)",
    "other": "120,432",
    "_level": 3,
    "bnorth": 3,
    "ndist": 2,
    "bsouth": 45,
    "sdist": 1,
    "beast": 43,
    "edist": 4,
    "bwest": -10,
    "wdist": -10,
    "bneast": -10,
    "neastdist": -10,
    "bnwest": -10,
    "nwestdist": -10,
    "bseast": 44,
    "seastdist": 1,
    "bswest": 46,
    "swestdist": 2
  },
  {
    "beacon_id": 19,
    "group_id": 1,
    "node": 48,
    "numsens": 129,
    "threshold": 73,
    "direction": 2,
    "locname": "W H 2nd floor elevator",
    "other": null,
    "_level": 2,
    "bnorth": 1,
    "ndist": 1,
    "bsouth": 119,
    "sdist": 1,
    "beast": 50,
    "edist": 1,
    "bwest": -10,
    "wdist": -10,
    "bneast": -10,
    "neastdist": -10,
    "bnwest": -10,
    "nwestdist": -10,
    "bseast": -10,
    "seastdist": -10,
    "bswest": -10,
    "swestdist": -10
  },
  {
    "beacon_id": 19,
    "group_id": 1,
    "node": 49,
    "numsens": 129,
    "threshold": 73,
    "direction": 2,
    "locname": "W H 208 MaD Lab 1",
    "other": null,
    "_level": 2,
    "bnorth": -10,
    "ndist": -10,
    "bsouth": -10,
    "sdist": -10,
    "beast": -10,
    "edist": -10,
    "bwest": 50,
    "wdist": 1,
    "bneast": -10,
    "neastdist": -10,
    "bnwest": -10,
    "nwestdist": -10,
    "bseast": -10,
    "seastdist": -10,
    "bswest": -10,
    "swestdist": -10
  },
  {
    "beacon_id": 19,
    "group_id": 1,
    "node": 50,
    "numsens": 129,
    "threshold": 73,
    "direction": 2,
    "locname": "W H Hub 1 (2nd floor)",
    "other": "120,395",
    "_level": 2,
    "bnorth": 52,
    "ndist": 2,
    "bsouth": -10,
    "sdist": -10,
    "beast": 49,
    "edist": 1,
    "bwest": 48,
    "wdist": 1,
    "bneast": -10,
    "neastdist": -10,
    "bnwest": -10,
    "nwestdist": -10,
    "bseast": 88,
    "seastdist": 3,
    "bswest": -10,
    "swestdist": -10
  },
  {
    "beacon_id": 20,
    "group_id": 1,
    "node": 52,
    "numsens": 129,
    "threshold": 73,
    "direction": 2,
    "locname": "W H Hub 2 (2nd floor)",
    "other": "120,367",
    "_level": 2,
    "bnorth": 54,
    "ndist": 3,
    "bsouth": 50,
    "sdist": 2,
    "beast": -10,
    "edist": -10,
    "bwest": 51,
    "wdist": 2,
    "bneast": -10,
    "neastdist": -10,
    "bnwest": -10,
    "nwestdist": -10,
    "bseast": -10,
    "seastdist": -10,
    "bswest": -10,
    "swestdist": -10
  },
  {
    "beacon_id": 21,
    "group_id": 1,
    "node": 53,
    "numsens": 129,
    "threshold": 73,
    "direction": 2,
    "locname": "W H 209 Classroom",
    "other": null,
    "_level": 2,
    "bnorth": -10,
    "ndist": -10,
    "bsouth": -10,
    "sdist": -10,
    "beast": -10,
    "edist": -10,
    "bwest": 54,
    "wdist": 1,
    "bneast": -10,
    "neastdist": -10,
    "bnwest": -10,
    "nwestdist": -10,
    "bseast": -10,
    "seastdist": -10,
    "bswest": -10,
    "swestdist": -10
  },
  {
    "beacon_id": 21,
    "group_id": 1,
    "node": 54,
    "numsens": 129,
    "threshold": 73,
    "direction": 2,
    "locname": "W H Hub 3 (2nd floor)",
    "other": "120,332",
    "_level": 2,
    "bnorth": 57,
    "ndist": 6,
    "bsouth": 52,
    "sdist": 3,
    "beast": 53,
    "edist": 1,
    "bwest": -10,
    "wdist": -10,
    "bneast": -10,
    "neastdist": -10,
    "bnwest": -10,
    "nwestdist": -10,
    "bseast": -10,
    "seastdist": -10,
    "bswest": -10,
    "swestdist": -10
  },
  {
    "beacon_id": 20,
    "group_id": 1,
    "node": 51,
    "numsens": 129,
    "threshold": 73,
    "direction": 2,
    "locname": "W H 200 A E Department 1st Entrance",
    "other": null,
    "_level": 2,
    "bnorth": -10,
    "ndist": -10,
    "bsouth": -10,
    "sdist": -10,
    "beast": 52,
    "edist": 2,
    "bwest": -10,
    "wdist": -10,
    "bneast": -10,
    "neastdist": -10,
    "bnwest": -10,
    "nwestdist": -10,
    "bseast": -10,
    "seastdist": -10,
    "bswest": -10,
    "swestdist": -10
  },
  {
    "beacon_id": 22,
    "group_id": 1,
    "node": 55,
    "numsens": 129,
    "threshold": 73,
    "direction": 2,
    "locname": "W H 200 A E Department 2nd Entrance",
    "other": null,
    "_level": 2,
    "bnorth": -10,
    "ndist": -10,
    "bsouth": -10,
    "sdist": -10,
    "beast": -10,
    "edist": -10,
    "bwest": -10,
    "wdist": -10,
    "bneast": -10,
    "neastdist": -10,
    "bnwest": -10,
    "nwestdist": -10,
    "bseast": 57,
    "seastdist": 2,
    "bswest": -10,
    "swestdist": -10
  },
  {
    "beacon_id": 22,
    "group_id": 1,
    "node": 56,
    "numsens": 129,
    "threshold": 73,
    "direction": 2,
    "locname": "W H 210 Classroom",
    "other": null,
    "_level": 2,
    "bnorth": -10,
    "ndist": -10,
    "bsouth": -10,
    "sdist": -10,
    "beast": -10,
    "edist": -10,
    "bwest": 57,
    "wdist": 1,
    "bneast": -10,
    "neastdist": -10,
    "bnwest": -10,
    "nwestdist": -10,
    "bseast": -10,
    "seastdist": -10,
    "bswest": -10,
    "swestdist": -10
  },
  {
    "beacon_id": 22,
    "group_id": 1,
    "node": 57,
    "numsens": 129,
    "threshold": 73,
    "direction": 2,
    "locname": "W H Hub 4 (2nd floor)",
    "other": "120,262",
    "_level": 2,
    "bnorth": 60,
    "ndist": 5,
    "bsouth": 54,
    "sdist": 6,
    "beast": 56,
    "edist": 1,
    "bwest": -10,
    "wdist": -10,
    "bneast": -10,
    "neastdist": -10,
    "bnwest": 55,
    "nwestdist": 2,
    "bseast": -10,
    "seastdist": -10,
    "bswest": -10,
    "swestdist": -10
  },
  {
    "beacon_id": 23,
    "group_id": 1,
    "node": 58,
    "numsens": 129,
    "threshold": 73,
    "direction": 2,
    "locname": "W H 212 Office",
    "other": null,
    "_level": 2,
    "bnorth": -10,
    "ndist": -10,
    "bsouth": -10,
    "sdist": -10,
    "beast": -10,
    "edist": -10,
    "bwest": -10,
    "wdist": -10,
    "bneast": -10,
    "neastdist": -10,
    "bnwest": -10,
    "nwestdist": -10,
    "bseast": 60,
    "seastdist": 3,
    "bswest": -10,
    "swestdist": -10
  },
  {
    "beacon_id": 23,
    "group_id": 1,
    "node": 59,
    "numsens": 129,
    "threshold": 73,
    "direction": 2,
    "locname": "W H 211 MaD Lab 2",
    "other": null,
    "_level": 2,
    "bnorth": -10,
    "ndist": -10,
    "bsouth": -10,
    "sdist": -10,
    "beast": -10,
    "edist": -10,
    "bwest": 60,
    "wdist": 1,
    "bneast": -10,
    "neastdist": -10,
    "bnwest": -10,
    "nwestdist": -10,
    "bseast": -10,
    "seastdist": -10,
    "bswest": -10,
    "swestdist": -10
  },
  {
    "beacon_id": 23,
    "group_id": 1,
    "node": 60,
    "numsens": 129,
    "threshold": 73,
    "direction": 2,
    "locname": "W H Hub 5 (2nd floor)",
    "other": "120,192",
    "_level": 2,
    "bnorth": 62,
    "ndist": 6,
    "bsouth": 57,
    "sdist": 5,
    "beast": 59,
    "edist": 1,
    "bwest": -10,
    "wdist": -10,
    "bneast": -10,
    "neastdist": -10,
    "bnwest": 58,
    "nwestdist": 3,
    "bseast": -10,
    "seastdist": -10,
    "bswest": -10,
    "swestdist": -10
  },
  {
    "beacon_id": 24,
    "group_id": 1,
    "node": 62,
    "numsens": 129,
    "threshold": 73,
    "direction": 2,
    "locname": "W H Hub 6 (2nd floor)",
    "other": "120,120",
    "_level": 2,
    "bnorth": -10,
    "ndist": -10,
    "bsouth": 60,
    "sdist": 6,
    "beast": 64,
    "edist": 2,
    "bwest": -10,
    "wdist": -10,
    "bneast": -10,
    "neastdist": -10,
    "bnwest": 61,
    "nwestdist": 2,
    "bseast": -10,
    "seastdist": -10,
    "bswest": -10,
    "swestdist": -10
  },
  {
    "beacon_id": 25,
    "group_id": 1,
    "node": 63,
    "numsens": 129,
    "threshold": 73,
    "direction": 2,
    "locname": "W H 214 Graduate Research Office",
    "other": null,
    "_level": 2,
    "bnorth": -10,
    "ndist": -10,
    "bsouth": 64,
    "sdist": 1,
    "beast": -10,
    "edist": -10,
    "bwest": -10,
    "wdist": -10,
    "bneast": -10,
    "neastdist": -10,
    "bnwest": -10,
    "nwestdist": -10,
    "bseast": -10,
    "seastdist": -10,
    "bswest": -10,
    "swestdist": -10
  },
  {
    "beacon_id": 25,
    "group_id": 1,
    "node": 64,
    "numsens": 129,
    "threshold": 73,
    "direction": 2,
    "locname": "W H Hub 7 (2nd floor)",
    "other": "151,120",
    "_level": 2,
    "bnorth": 63,
    "ndist": 1,
    "bsouth": -10,
    "sdist": -10,
    "beast": 66,
    "edist": 9,
    "bwest": 62,
    "wdist": 2,
    "bneast": -10,
    "neastdist": -10,
    "bnwest": -10,
    "nwestdist": -10,
    "bseast": -10,
    "seastdist": -10,
    "bswest": -10,
    "swestdist": -10
  },
  {
    "beacon_id": 26,
    "group_id": 1,
    "node": 65,
    "numsens": 129,
    "threshold": 73,
    "direction": 2,
    "locname": "W H 215 Classroom",
    "other": null,
    "_level": 2,
    "bnorth": -10,
    "ndist": -10,
    "bsouth": 66,
    "sdist": 1,
    "beast": -10,
    "edist": -10,
    "bwest": -10,
    "wdist": -10,
    "bneast": -10,
    "neastdist": -10,
    "bnwest": -10,
    "nwestdist": -10,
    "bseast": -10,
    "seastdist": -10,
    "bswest": -10,
    "swestdist": -10
  },
  {
    "beacon_id": 26,
    "group_id": 1,
    "node": 66,
    "numsens": 129,
    "threshold": 73,
    "direction": 2,
    "locname": "W H Hub 8 (2nd floor)",
    "other": "261,120",
    "_level": 2,
    "bnorth": 65,
    "ndist": 1,
    "bsouth": -10,
    "sdist": -10,
    "beast": 68,
    "edist": 8,
    "bwest": 64,
    "wdist": 9,
    "bneast": -10,
    "neastdist": -10,
    "bnwest": -10,
    "nwestdist": -10,
    "bseast": -10,
    "seastdist": -10,
    "bswest": -10,
    "swestdist": -10
  },
  {
    "beacon_id": 27,
    "group_id": 1,
    "node": 67,
    "numsens": 129,
    "threshold": 73,
    "direction": 2,
    "locname": "W H North Stairs (2nd floor)",
    "other": null,
    "_level": 2,
    "bnorth": -10,
    "ndist": -10,
    "bsouth": 68,
    "sdist": 1,
    "beast": -10,
    "edist": -10,
    "bwest": -10,
    "wdist": -10,
    "bneast": -10,
    "neastdist": -10,
    "bnwest": -10,
    "nwestdist": -10,
    "bseast": -10,
    "seastdist": -10,
    "bswest": -10,
    "swestdist": -10
  },
  {
    "beacon_id": 27,
    "group_id": 1,
    "node": 68,
    "numsens": 129,
    "threshold": 73,
    "direction": 2,
    "locname": "W H Hub 9 (2nd floor)",
    "other": "365,120",
    "_level": 2,
    "bnorth": 67,
    "ndist": 1,
    "bsouth": -10,
    "sdist": -10,
    "beast": -10,
    "edist": -10,
    "bwest": 66,
    "wdist": 8,
    "bneast": -10,
    "neastdist": -10,
    "bnwest": -10,
    "nwestdist": -10,
    "bseast": 70,
    "seastdist": 2,
    "bswest": -10,
    "swestdist": -10
  },
  {
    "beacon_id": 24,
    "group_id": 1,
    "node": 61,
    "numsens": 129,
    "threshold": 73,
    "direction": 2,
    "locname": "W H Women's Restroom (2nd floor)",
    "other": null,
    "_level": 2,
    "bnorth": -10,
    "ndist": -10,
    "bsouth": -10,
    "sdist": -10,
    "beast": -10,
    "edist": -10,
    "bwest": -10,
    "wdist": -10,
    "bneast": -10,
    "neastdist": -10,
    "bnwest": -10,
    "nwestdist": -10,
    "bseast": 62,
    "seastdist": 2,
    "bswest": -10,
    "swestdist": -10
  },
  {
    "beacon_id": 28,
    "group_id": 1,
    "node": 69,
    "numsens": 129,
    "threshold": 73,
    "direction": 2,
    "locname": "W H 217 Lab",
    "other": null,
    "_level": 2,
    "bnorth": -10,
    "ndist": -10,
    "bsouth": -10,
    "sdist": -10,
    "beast": 70,
    "edist": 1,
    "bwest": -10,
    "wdist": -10,
    "bneast": -10,
    "neastdist": -10,
    "bnwest": -10,
    "nwestdist": -10,
    "bseast": -10,
    "seastdist": -10,
    "bswest": -10,
    "swestdist": -10
  },
  {
    "beacon_id": 28,
    "group_id": 1,
    "node": 70,
    "numsens": 129,
    "threshold": 73,
    "direction": 2,
    "locname": "W H Hub 10 (2nd floor)",
    "other": "365,148",
    "_level": 2,
    "bnorth": -10,
    "ndist": -10,
    "bsouth": 72,
    "sdist": 3,
    "beast": -10,
    "edist": -10,
    "bwest": 69,
    "wdist": 1,
    "bneast": -10,
    "neastdist": -10,
    "bnwest": 68,
    "nwestdist": 2,
    "bseast": -10,
    "seastdist": -10,
    "bswest": -10,
    "swestdist": -10
  },
  {
    "beacon_id": 29,
    "group_id": 1,
    "node": 71,
    "numsens": 129,
    "threshold": 73,
    "direction": 2,
    "locname": "W H 218 Offices",
    "other": null,
    "_level": 2,
    "bnorth": -10,
    "ndist": -10,
    "bsouth": -10,
    "sdist": -10,
    "beast": -10,
    "edist": -10,
    "bwest": 72,
    "wdist": 1,
    "bneast": -10,
    "neastdist": -10,
    "bnwest": -10,
    "nwestdist": -10,
    "bseast": -10,
    "seastdist": -10,
    "bswest": -10,
    "swestdist": -10
  },
  {
    "beacon_id": 29,
    "group_id": 1,
    "node": 72,
    "numsens": 129,
    "threshold": 73,
    "direction": 2,
    "locname": "W H Hub 11 (2nd floor)",
    "other": "365,183",
    "_level": 2,
    "bnorth": 70,
    "ndist": 3,
    "bsouth": 74,
    "sdist": 3,
    "beast": 71,
    "edist": 1,
    "bwest": -10,
    "wdist": -10,
    "bneast": -10,
    "neastdist": -10,
    "bnwest": -10,
    "nwestdist": -10,
    "bseast": -10,
    "seastdist": -10,
    "bswest": -10,
    "swestdist": -10
  },
  {
    "beacon_id": 30,
    "group_id": 1,
    "node": 73,
    "numsens": 129,
    "threshold": 73,
    "direction": 2,
    "locname": "W H 219 Graduate Research Office",
    "other": null,
    "_level": 2,
    "bnorth": -10,
    "ndist": -10,
    "bsouth": -10,
    "sdist": -10,
    "beast": 74,
    "edist": 1,
    "bwest": -10,
    "wdist": -10,
    "bneast": -10,
    "neastdist": -10,
    "bnwest": -10,
    "nwestdist": -10,
    "bseast": -10,
    "seastdist": -10,
    "bswest": -10,
    "swestdist": -10
  },
  {
    "beacon_id": 30,
    "group_id": 1,
    "node": 74,
    "numsens": 129,
    "threshold": 73,
    "direction": 2,
    "locname": "W H Hub 12 (2nd floor)",
    "other": "365,217",
    "_level": 2,
    "bnorth": 72,
    "ndist": 3,
    "bsouth": 76,
    "sdist": 5,
    "beast": -10,
    "edist": -10,
    "bwest": 73,
    "wdist": 1,
    "bneast": -10,
    "neastdist": -10,
    "bnwest": -10,
    "nwestdist": -10,
    "bseast": -10,
    "seastdist": -10,
    "bswest": -10,
    "swestdist": -10
  },
  {
    "beacon_id": 31,
    "group_id": 1,
    "node": 75,
    "numsens": 129,
    "threshold": 73,
    "direction": 2,
    "locname": "W H 221A MaD Lab 3",
    "other": null,
    "_level": 2,
    "bnorth": -10,
    "ndist": -10,
    "bsouth": -10,
    "sdist": -10,
    "beast": 76,
    "edist": 1,
    "bwest": -10,
    "wdist": -10,
    "bneast": -10,
    "neastdist": -10,
    "bnwest": -10,
    "nwestdist": -10,
    "bseast": -10,
    "seastdist": -10,
    "bswest": -10,
    "swestdist": -10
  },
  {
    "beacon_id": 31,
    "group_id": 1,
    "node": 76,
    "numsens": 129,
    "threshold": 73,
    "direction": 2,
    "locname": "W H Hub 13 (2nd floor)",
    "other": "365,285",
    "_level": 2,
    "bnorth": 74,
    "ndist": 5,
    "bsouth": 79,
    "sdist": 5,
    "beast": -10,
    "edist": -10,
    "bwest": 75,
    "wdist": 1,
    "bneast": -10,
    "neastdist": -10,
    "bnwest": -10,
    "nwestdist": -10,
    "bseast": -10,
    "seastdist": -10,
    "bswest": -10,
    "swestdist": -10
  },
  {
    "beacon_id": 32,
    "group_id": 1,
    "node": 77,
    "numsens": 129,
    "threshold": 73,
    "direction": 2,
    "locname": "W H 220 MaD Lab 4",
    "other": null,
    "_level": 2,
    "bnorth": -10,
    "ndist": -10,
    "bsouth": -10,
    "sdist": -10,
    "beast": -10,
    "edist": -10,
    "bwest": -10,
    "wdist": -10,
    "bneast": -10,
    "neastdist": -10,
    "bnwest": -10,
    "nwestdist": -10,
    "bseast": -10,
    "seastdist": -10,
    "bswest": 79,
    "swestdist": 2
  },
  {
    "beacon_id": 32,
    "group_id": 1,
    "node": 79,
    "numsens": 129,
    "threshold": 73,
    "direction": 2,
    "locname": "W H Hub 14 (2nd floor)",
    "other": "365,350",
    "_level": 2,
    "bnorth": 76,
    "ndist": 5,
    "bsouth": 82,
    "sdist": 4,
    "beast": 78,
    "edist": 1,
    "bwest": -10,
    "wdist": -10,
    "bneast": 77,
    "neastdist": 2,
    "bnwest": -10,
    "nwestdist": -10,
    "bseast": -10,
    "seastdist": -10,
    "bswest": -10,
    "swestdist": -10
  },
  {
    "beacon_id": 32,
    "group_id": 1,
    "node": 78,
    "numsens": 129,
    "threshold": 73,
    "direction": 2,
    "locname": "W H 222 Mister Raza's Office",
    "other": null,
    "_level": 2,
    "bnorth": -10,
    "ndist": -10,
    "bsouth": -10,
    "sdist": -10,
    "beast": -10,
    "edist": -10,
    "bwest": -10,
    "wdist": -10,
    "bneast": -10,
    "neastdist": -10,
    "bnwest": -10,
    "nwestdist": -10,
    "bseast": -10,
    "seastdist": -10,
    "bswest": 79,
    "swestdist": 2
  },
  {
    "beacon_id": 33,
    "group_id": 1,
    "node": 80,
    "numsens": 129,
    "threshold": 73,
    "direction": 2,
    "locname": "W H 223A Resonance Recovery & Sustainability Research Lab",
    "other": null,
    "_level": 2,
    "bnorth": -10,
    "ndist": -10,
    "bsouth": -10,
    "sdist": -10,
    "beast": 82,
    "edist": 1,
    "bwest": -10,
    "wdist": -10,
    "bneast": -10,
    "neastdist": -10,
    "bnwest": -10,
    "nwestdist": -10,
    "bseast": -10,
    "seastdist": -10,
    "bswest": -10,
    "swestdist": -10
  },
  {
    "beacon_id": 33,
    "group_id": 1,
    "node": 82,
    "numsens": 129,
    "threshold": 73,
    "direction": 2,
    "locname": "W H Hub 15 (2nd floor)",
    "other": "365,403",
    "_level": 2,
    "bnorth": 79,
    "ndist": 4,
    "bsouth": 83,
    "sdist": 2,
    "beast": 81,
    "edist": 1,
    "bwest": 80,
    "wdist": 1,
    "bneast": -10,
    "neastdist": -10,
    "bnwest": -10,
    "nwestdist": -10,
    "bseast": -10,
    "seastdist": -10,
    "bswest": -10,
    "swestdist": -10
  },
  {
    "beacon_id": 34,
    "group_id": 1,
    "node": 83,
    "numsens": 129,
    "threshold": 73,
    "direction": 2,
    "locname": "W H Hub 16 (2nd floor)",
    "other": "365,430",
    "_level": 2,
    "bnorth": 82,
    "ndist": 2,
    "bsouth": -10,
    "sdist": -10,
    "beast": -10,
    "edist": -10,
    "bwest": 85,
    "wdist": 7,
    "bneast": -10,
    "neastdist": -10,
    "bnwest": -10,
    "nwestdist": -10,
    "bseast": -10,
    "seastdist": -10,
    "bswest": -10,
    "swestdist": -10
  },
  {
    "beacon_id": 35,
    "group_id": 1,
    "node": 84,
    "numsens": 129,
    "threshold": 73,
    "direction": 2,
    "locname": "W H 226 2nd Floor Lounge & W H 227 Offices",
    "other": null,
    "_level": 2,
    "bnorth": 85,
    "ndist": 1,
    "bsouth": -10,
    "sdist": -10,
    "beast": -10,
    "edist": -10,
    "bwest": -10,
    "wdist": -10,
    "bneast": -10,
    "neastdist": -10,
    "bnwest": -10,
    "nwestdist": -10,
    "bseast": -10,
    "seastdist": -10,
    "bswest": -10,
    "swestdist": -10
  },
  {
    "beacon_id": 35,
    "group_id": 1,
    "node": 85,
    "numsens": 129,
    "threshold": 73,
    "direction": 2,
    "locname": "W H Hub 17 (2nd floor)",
    "other": "278,430",
    "_level": 2,
    "bnorth": -10,
    "ndist": -10,
    "bsouth": 84,
    "sdist": 1,
    "beast": 83,
    "edist": 7,
    "bwest": 88,
    "wdist": 12,
    "bneast": -10,
    "neastdist": -10,
    "bnwest": -10,
    "nwestdist": -10,
    "bseast": -10,
    "seastdist": -10,
    "bswest": -10,
    "swestdist": -10
  },
  {
    "beacon_id": 36,
    "group_id": 1,
    "node": 86,
    "numsens": 129,
    "threshold": 73,
    "direction": 2,
    "locname": "W H 228 Office",
    "other": null,
    "_level": 2,
    "bnorth": -10,
    "ndist": -10,
    "bsouth": -10,
    "sdist": -10,
    "beast": -10,
    "edist": -10,
    "bwest": -10,
    "wdist": -10,
    "bneast": -10,
    "neastdist": -10,
    "bnwest": 88,
    "nwestdist": 2,
    "bseast": -10,
    "seastdist": -10,
    "bswest": -10,
    "swestdist": -10
  },
  {
    "beacon_id": 36,
    "group_id": 1,
    "node": 87,
    "numsens": 129,
    "threshold": 73,
    "direction": 2,
    "locname": "W H South Stairs (2nd floor)",
    "other": null,
    "_level": 2,
    "bnorth": 88,
    "ndist": 1,
    "bsouth": -10,
    "sdist": -10,
    "beast": -10,
    "edist": -10,
    "bwest": -10,
    "wdist": -10,
    "bneast": -10,
    "neastdist": -10,
    "bnwest": -10,
    "nwestdist": -10,
    "bseast": -10,
    "seastdist": -10,
    "bswest": -10,
    "swestdist": -10
  },
  {
    "beacon_id": 36,
    "group_id": 1,
    "node": 88,
    "numsens": 129,
    "threshold": 73,
    "direction": 2,
    "locname": "W H Hub 18 (2nd floor)",
    "other": "132,430",
    "_level": 2,
    "bnorth": -10,
    "ndist": -10,
    "bsouth": 87,
    "sdist": 1,
    "beast": -10,
    "edist": -10,
    "bwest": -10,
    "wdist": -10,
    "bneast": -10,
    "neastdist": -10,
    "bnwest": 50,
    "nwestdist": 3,
    "bseast": 86,
    "seastdist": 2,
    "bswest": -10,
    "swestdist": -10
  },
  {
    "beacon_id": 37,
    "group_id": 1,
    "node": 89,
    "numsens": 129,
    "threshold": 73,
    "direction": 2,
    "locname": "W H West Entrance 2",
    "other": null,
    "_level": 1,
    "bnorth": -10,
    "ndist": -10,
    "bsouth": -10,
    "sdist": -10,
    "beast": 90,
    "edist": 2,
    "bwest": -10,
    "wdist": -10,
    "bneast": -10,
    "neastdist": -10,
    "bnwest": -10,
    "nwestdist": -10,
    "bseast": -10,
    "seastdist": -10,
    "bswest": -10,
    "swestdist": -10
  },
  {
    "beacon_id": 37,
    "group_id": 1,
    "node": 90,
    "numsens": 129,
    "threshold": 73,
    "direction": 2,
    "locname": "W H Hub 1 (1st floor)",
    "other": "148,214",
    "_level": 1,
    "bnorth": 93,
    "ndist": 3,
    "bsouth": -10,
    "sdist": -10,
    "beast": -10,
    "edist": -10,
    "bwest": 89,
    "wdist": 2,
    "bneast": -10,
    "neastdist": -10,
    "bnwest": -10,
    "nwestdist": -10,
    "bseast": -10,
    "seastdist": -10,
    "bswest": -10,
    "swestdist": -10
  },
  {
    "beacon_id": 38,
    "group_id": 1,
    "node": 91,
    "numsens": 129,
    "threshold": 73,
    "direction": 2,
    "locname": "W H 109 Robotics Research Lab & Sustainable Energy Science & Engineering Lab",
    "other": null,
    "_level": 1,
    "bnorth": -10,
    "ndist": -10,
    "bsouth": -10,
    "sdist": -10,
    "beast": -10,
    "edist": -10,
    "bwest": 93,
    "wdist": 1,
    "bneast": -10,
    "neastdist": -10,
    "bnwest": -10,
    "nwestdist": -10,
    "bseast": -10,
    "seastdist": -10,
    "bswest": -10,
    "swestdist": -10
  },
  {
    "beacon_id": 38,
    "group_id": 1,
    "node": 92,
    "numsens": 129,
    "threshold": 73,
    "direction": 2,
    "locname": "W H 110 LightBoard Studio",
    "other": null,
    "_level": 1,
    "bnorth": -10,
    "ndist": -10,
    "bsouth": -10,
    "sdist": -10,
    "beast": -10,
    "edist": -10,
    "bwest": -10,
    "wdist": -10,
    "bneast": 93,
    "neastdist": 2,
    "bnwest": -10,
    "nwestdist": -10,
    "bseast": -10,
    "seastdist": -10,
    "bswest": -10,
    "swestdist": -10
  },
  {
    "beacon_id": 38,
    "group_id": 1,
    "node": 93,
    "numsens": 129,
    "threshold": 73,
    "direction": 2,
    "locname": "W H Hub 2 (1st floor)",
    "other": "148,175",
    "_level": 1,
    "bnorth": 97,
    "ndist": 2,
    "bsouth": 90,
    "sdist": 3,
    "beast": 91,
    "edist": 1,
    "bwest": -10,
    "wdist": -10,
    "bneast": -10,
    "neastdist": -10,
    "bnwest": -10,
    "nwestdist": -10,
    "bseast": -10,
    "seastdist": -10,
    "bswest": 92,
    "swestdist": 2
  },
  {
    "beacon_id": 39,
    "group_id": 1,
    "node": 95,
    "numsens": 129,
    "threshold": 73,
    "direction": 2,
    "locname": "W H North Entrance 1",
    "other": null,
    "_level": 1,
    "bnorth": -10,
    "ndist": -10,
    "bsouth": 97,
    "sdist": 1,
    "beast": -10,
    "edist": -10,
    "bwest": -10,
    "wdist": -10,
    "bneast": -10,
    "neastdist": -10,
    "bnwest": -10,
    "nwestdist": -10,
    "bseast": -10,
    "seastdist": -10,
    "bswest": -10,
    "swestdist": -10
  },
  {
    "beacon_id": 39,
    "group_id": 1,
    "node": 96,
    "numsens": 129,
    "threshold": 73,
    "direction": 2,
    "locname": "W H 113A Conference Room",
    "other": null,
    "_level": 1,
    "bnorth": -10,
    "ndist": -10,
    "bsouth": -10,
    "sdist": -10,
    "beast": -10,
    "edist": -10,
    "bwest": -10,
    "wdist": -10,
    "bneast": -10,
    "neastdist": -10,
    "bnwest": -10,
    "nwestdist": -10,
    "bseast": -10,
    "seastdist": -10,
    "bswest": 97,
    "swestdist": 3
  },
  {
    "beacon_id": 39,
    "group_id": 1,
    "node": 97,
    "numsens": 129,
    "threshold": 73,
    "direction": 2,
    "locname": "W H Hub 3 (1st floor)",
    "other": "154,148",
    "_level": 1,
    "bnorth": 95,
    "ndist": 1,
    "bsouth": 93,
    "sdist": 2,
    "beast": 100,
    "edist": 13,
    "bwest": -10,
    "wdist": -10,
    "bneast": 96,
    "neastdist": 3,
    "bnwest": 94,
    "nwestdist": 2,
    "bseast": -10,
    "seastdist": -10,
    "bswest": -10,
    "swestdist": -10
  },
  {
    "beacon_id": 39,
    "group_id": 1,
    "node": 94,
    "numsens": 129,
    "threshold": 73,
    "direction": 2,
    "locname": "W H Women's Restroom (1st floor)",
    "other": null,
    "_level": 1,
    "bnorth": -10,
    "ndist": -10,
    "bsouth": -10,
    "sdist": -10,
    "beast": -10,
    "edist": -10,
    "bwest": -10,
    "wdist": -10,
    "bneast": -10,
    "neastdist": -10,
    "bnwest": -10,
    "nwestdist": -10,
    "bseast": 97,
    "seastdist": 2,
    "bswest": -10,
    "swestdist": -10
  },
  {
    "beacon_id": 40,
    "group_id": 1,
    "node": 98,
    "numsens": 129,
    "threshold": 73,
    "direction": 2,
    "locname": "W H 113B NASA in Kansas Office",
    "other": null,
    "_level": 1,
    "bnorth": -10,
    "ndist": -10,
    "bsouth": -10,
    "sdist": -10,
    "beast": -10,
    "edist": -10,
    "bwest": -10,
    "wdist": -10,
    "bneast": -10,
    "neastdist": -10,
    "bnwest": -10,
    "nwestdist": -10,
    "bseast": 100,
    "seastdist": 2,
    "bswest": -10,
    "swestdist": -10
  },
  {
    "beacon_id": 40,
    "group_id": 1,
    "node": 99,
    "numsens": 129,
    "threshold": 73,
    "direction": 2,
    "locname": "W H North Entrance 2",
    "other": null,
    "_level": 1,
    "bnorth": -10,
    "ndist": -10,
    "bsouth": 100,
    "sdist": 1,
    "beast": -10,
    "edist": -10,
    "bwest": -10,
    "wdist": -10,
    "bneast": -10,
    "neastdist": -10,
    "bnwest": -10,
    "nwestdist": -10,
    "bseast": -10,
    "seastdist": -10,
    "bswest": -10,
    "swestdist": -10
  },
  {
    "beacon_id": 40,
    "group_id": 1,
    "node": 100,
    "numsens": 129,
    "threshold": 73,
    "direction": 2,
    "locname": "W H Hub 4 (1st floor)",
    "other": "309,148",
    "_level": 1,
    "bnorth": 99,
    "ndist": 1,
    "bsouth": -10,
    "sdist": -10,
    "beast": 102,
    "edist": 3,
    "bwest": 97,
    "wdist": 13,
    "bneast": -10,
    "neastdist": -10,
    "bnwest": 98,
    "nwestdist": 2,
    "bseast": -10,
    "seastdist": -10,
    "bswest": -10,
    "swestdist": -10
  },
  {
    "beacon_id": 41,
    "group_id": 1,
    "node": 101,
    "numsens": 129,
    "threshold": 73,
    "direction": 2,
    "locname": "W H North Stairs (1st floor)",
    "other": null,
    "_level": 1,
    "bnorth": -10,
    "ndist": -10,
    "bsouth": 102,
    "sdist": 2,
    "beast": -10,
    "edist": -10,
    "bwest": -10,
    "wdist": -10,
    "bneast": -10,
    "neastdist": -10,
    "bnwest": -10,
    "nwestdist": -10,
    "bseast": -10,
    "seastdist": -10,
    "bswest": -10,
    "swestdist": -10
  },
  {
    "beacon_id": 41,
    "group_id": 1,
    "node": 102,
    "numsens": 129,
    "threshold": 73,
    "direction": 2,
    "locname": "W H Hub 5 (1st floor)",
    "other": "348,148",
    "_level": 1,
    "bnorth": 101,
    "ndist": 2,
    "bsouth": -10,
    "sdist": -10,
    "beast": 103,
    "edist": 3,
    "bwest": 100,
    "wdist": 3,
    "bneast": -10,
    "neastdist": -10,
    "bnwest": -10,
    "nwestdist": -10,
    "bseast": -10,
    "seastdist": -10,
    "bswest": -10,
    "swestdist": -10
  },
  {
    "beacon_id": 42,
    "group_id": 1,
    "node": 103,
    "numsens": 129,
    "threshold": 73,
    "direction": 2,
    "locname": "W H Hub 6 (1st floor)",
    "other": "392,148",
    "_level": 1,
    "bnorth": -10,
    "ndist": -10,
    "bsouth": 106,
    "sdist": 6,
    "beast": -10,
    "edist": -10,
    "bwest": 102,
    "wdist": 3,
    "bneast": -10,
    "neastdist": -10,
    "bnwest": -10,
    "nwestdist": -10,
    "bseast": -10,
    "seastdist": -10,
    "bswest": -10,
    "swestdist": -10
  },
  {
    "beacon_id": 33,
    "group_id": 1,
    "node": 81,
    "numsens": 129,
    "threshold": 73,
    "direction": 2,
    "locname": "W H Men's Restroom (2nd floor)",
    "other": null,
    "_level": 2,
    "bnorth": -10,
    "ndist": -10,
    "bsouth": -10,
    "sdist": -10,
    "beast": -10,
    "edist": -10,
    "bwest": 82,
    "wdist": 1,
    "bneast": -10,
    "neastdist": -10,
    "bnwest": -10,
    "nwestdist": -10,
    "bseast": -10,
    "seastdist": -10,
    "bswest": -10,
    "swestdist": -10
  },
  {
    "beacon_id": 43,
    "group_id": 1,
    "node": 104,
    "numsens": 129,
    "threshold": 73,
    "direction": 2,
    "locname": "W H 114 Laser Nano & Micro Materials Processing Lab",
    "other": null,
    "_level": 1,
    "bnorth": -10,
    "ndist": -10,
    "bsouth": -10,
    "sdist": -10,
    "beast": 106,
    "edist": 2,
    "bwest": -10,
    "wdist": -10,
    "bneast": -10,
    "neastdist": -10,
    "bnwest": -10,
    "nwestdist": -10,
    "bseast": -10,
    "seastdist": -10,
    "bswest": -10,
    "swestdist": -10
  },
  {
    "beacon_id": 43,
    "group_id": 1,
    "node": 105,
    "numsens": 129,
    "threshold": 73,
    "direction": 2,
    "locname": "W H Unisex Restroom (1st floor)",
    "other": null,
    "_level": 1,
    "bnorth": -10,
    "ndist": -10,
    "bsouth": -10,
    "sdist": -10,
    "beast": -10,
    "edist": -10,
    "bwest": -10,
    "wdist": -10,
    "bneast": -10,
    "neastdist": -10,
    "bnwest": 106,
    "nwestdist": 2,
    "bseast": -10,
    "seastdist": -10,
    "bswest": -10,
    "swestdist": -10
  },
  {
    "beacon_id": 43,
    "group_id": 1,
    "node": 106,
    "numsens": 129,
    "threshold": 73,
    "direction": 2,
    "locname": "W H Hub 7 (1st floor)",
    "other": "392,220",
    "_level": 1,
    "bnorth": 103,
    "ndist": 6,
    "bsouth": 108,
    "sdist": 5,
    "beast": -10,
    "edist": -10,
    "bwest": 104,
    "wdist": 2,
    "bneast": -10,
    "neastdist": -10,
    "bnwest": -10,
    "nwestdist": -10,
    "bseast": 105,
    "seastdist": 2,
    "bswest": -10,
    "swestdist": -10
  },
  {
    "beacon_id": 44,
    "group_id": 1,
    "node": 107,
    "numsens": 129,
    "threshold": 73,
    "direction": 2,
    "locname": "W H 116 Soft Matter Research Lab",
    "other": null,
    "_level": 1,
    "bnorth": -10,
    "ndist": -10,
    "bsouth": -10,
    "sdist": -10,
    "beast": 108,
    "edist": 2,
    "bwest": -10,
    "wdist": -10,
    "bneast": -10,
    "neastdist": -10,
    "bnwest": -10,
    "nwestdist": -10,
    "bseast": -10,
    "seastdist": -10,
    "bswest": -10,
    "swestdist": -10
  },
  {
    "beacon_id": 44,
    "group_id": 1,
    "node": 108,
    "numsens": 129,
    "threshold": 73,
    "direction": 2,
    "locname": "W H Hub 8 (1st floor)",
    "other": "392,289",
    "_level": 1,
    "bnorth": 106,
    "ndist": 5,
    "bsouth": 110,
    "sdist": 5,
    "beast": -10,
    "edist": -10,
    "bwest": 107,
    "wdist": 2,
    "bneast": -10,
    "neastdist": -10,
    "bnwest": -10,
    "nwestdist": -10,
    "bseast": -10,
    "seastdist": -10,
    "bswest": -10,
    "swestdist": -10
  },
  {
    "beacon_id": 45,
    "group_id": 1,
    "node": 109,
    "numsens": 129,
    "threshold": 73,
    "direction": 2,
    "locname": "W H 117 Clean Energy Innovation Research Lab",
    "other": null,
    "_level": 1,
    "bnorth": -10,
    "ndist": -10,
    "bsouth": -10,
    "sdist": -10,
    "beast": -10,
    "edist": -10,
    "bwest": 110,
    "wdist": 2,
    "bneast": -10,
    "neastdist": -10,
    "bnwest": -10,
    "nwestdist": -10,
    "bseast": -10,
    "seastdist": -10,
    "bswest": -10,
    "swestdist": -10
  },
  {
    "beacon_id": 45,
    "group_id": 1,
    "node": 110,
    "numsens": 129,
    "threshold": 73,
    "direction": 2,
    "locname": "W H Hub 9 (1st floor)",
    "other": "392,357",
    "_level": 1,
    "bnorth": 108,
    "ndist": 6,
    "bsouth": 111,
    "sdist": 2,
    "beast": 109,
    "edist": 2,
    "bwest": -10,
    "wdist": -10,
    "bneast": -10,
    "neastdist": -10,
    "bnwest": -10,
    "nwestdist": -10,
    "bseast": -10,
    "seastdist": -10,
    "bswest": -10,
    "swestdist": -10
  },
  {
    "beacon_id": 46,
    "group_id": 1,
    "node": 111,
    "numsens": 129,
    "threshold": 73,
    "direction": 2,
    "locname": "W H Hub 10 (1st floor)",
    "other": "392,388",
    "_level": 1,
    "bnorth": 110,
    "ndist": 2,
    "bsouth": 114,
    "sdist": 3,
    "beast": 128,
    "edist": 2,
    "bwest": 116,
    "wdist": 3,
    "bneast": -10,
    "neastdist": -10,
    "bnwest": -10,
    "nwestdist": -10,
    "bseast": -10,
    "seastdist": -10,
    "bswest": -10,
    "swestdist": -10
  },
  {
    "beacon_id": 47,
    "group_id": 1,
    "node": 112,
    "numsens": 129,
    "threshold": 73,
    "direction": 2,
    "locname": "W H Men's Restroom (1st floor)",
    "other": null,
    "_level": 1,
    "bnorth": -10,
    "ndist": -10,
    "bsouth": -10,
    "sdist": -10,
    "beast": -10,
    "edist": -10,
    "bwest": 114,
    "wdist": 1,
    "bneast": -10,
    "neastdist": -10,
    "bnwest": -10,
    "nwestdist": -10,
    "bseast": -10,
    "seastdist": -10,
    "bswest": -10,
    "swestdist": -10
  },
  {
    "beacon_id": 47,
    "group_id": 1,
    "node": 113,
    "numsens": 129,
    "threshold": 73,
    "direction": 2,
    "locname": "W H South Entrance 1",
    "other": null,
    "_level": 1,
    "bnorth": 114,
    "ndist": 4,
    "bsouth": -10,
    "sdist": -10,
    "beast": -10,
    "edist": -10,
    "bwest": -10,
    "wdist": -10,
    "bneast": -10,
    "neastdist": -10,
    "bnwest": -10,
    "nwestdist": -10,
    "bseast": -10,
    "seastdist": -10,
    "bswest": -10,
    "swestdist": -10
  },
  {
    "beacon_id": 47,
    "group_id": 1,
    "node": 114,
    "numsens": 129,
    "threshold": 73,
    "direction": 2,
    "locname": "W H Hub 11 (1st floor)",
    "other": "392,435",
    "_level": 1,
    "bnorth": 111,
    "ndist": 3,
    "bsouth": 113,
    "sdist": 4,
    "beast": 112,
    "edist": 1,
    "bwest": -10,
    "wdist": -10,
    "bneast": -10,
    "neastdist": -10,
    "bnwest": -10,
    "nwestdist": -10,
    "bseast": -10,
    "seastdist": -10,
    "bswest": -10,
    "swestdist": -10
  },
  {
    "beacon_id": 48,
    "group_id": 1,
    "node": 115,
    "numsens": 129,
    "threshold": 73,
    "direction": 2,
    "locname": "W H 123 Lecture Hall Entrance",
    "other": null,
    "_level": 1,
    "bnorth": 116,
    "ndist": 2,
    "bsouth": -10,
    "sdist": -10,
    "beast": -10,
    "edist": -10,
    "bwest": -10,
    "wdist": -10,
    "bneast": -10,
    "neastdist": -10,
    "bnwest": -10,
    "nwestdist": -10,
    "bseast": -10,
    "seastdist": -10,
    "bswest": -10,
    "swestdist": -10
  },
  {
    "beacon_id": 48,
    "group_id": 1,
    "node": 116,
    "numsens": 129,
    "threshold": 73,
    "direction": 2,
    "locname": "W H Hub 12 (1st floor)",
    "other": "351,388",
    "_level": 1,
    "bnorth": -10,
    "ndist": -10,
    "bsouth": 115,
    "sdist": 2,
    "beast": 111,
    "edist": 3,
    "bwest": 118,
    "wdist": 8,
    "bneast": -10,
    "neastdist": -10,
    "bnwest": -10,
    "nwestdist": -10,
    "bseast": -10,
    "seastdist": -10,
    "bswest": -10,
    "swestdist": -10
  },
  {
    "beacon_id": 49,
    "group_id": 1,
    "node": 117,
    "numsens": 129,
    "threshold": 73,
    "direction": 2,
    "locname": "W H 123 Lecture Hall Exit",
    "other": null,
    "_level": 1,
    "bnorth": 118,
    "ndist": 2,
    "bsouth": -10,
    "sdist": -10,
    "beast": -10,
    "edist": -10,
    "bwest": -10,
    "wdist": -10,
    "bneast": -10,
    "neastdist": -10,
    "bnwest": -10,
    "nwestdist": -10,
    "bseast": -10,
    "seastdist": -10,
    "bswest": -10,
    "swestdist": -10
  },
  {
    "beacon_id": 49,
    "group_id": 1,
    "node": 118,
    "numsens": 129,
    "threshold": 73,
    "direction": 2,
    "locname": "W H Hub 13 (1st floor)",
    "other": "246,388",
    "_level": 1,
    "bnorth": -10,
    "ndist": -10,
    "bsouth": 117,
    "sdist": 2,
    "beast": 116,
    "edist": 8,
    "bwest": -10,
    "wdist": -10,
    "bneast": -10,
    "neastdist": -10,
    "bnwest": -10,
    "nwestdist": -10,
    "bseast": -10,
    "seastdist": -10,
    "bswest": 126,
    "swestdist": 7
  },
  {
    "beacon_id": 50,
    "group_id": 1,
    "node": 119,
    "numsens": 129,
    "threshold": 73,
    "direction": 2,
    "locname": "W H 1st floor elevator",
    "other": null,
    "_level": 1,
    "bnorth": 48,
    "ndist": 1,
    "bsouth": -10,
    "sdist": -10,
    "beast": 121,
    "edist": 1,
    "bwest": -10,
    "wdist": -10,
    "bneast": -10,
    "neastdist": -10,
    "bnwest": -10,
    "nwestdist": -10,
    "bseast": -10,
    "seastdist": -10,
    "bswest": -10,
    "swestdist": -10
  },
  {
    "beacon_id": 50,
    "group_id": 1,
    "node": 120,
    "numsens": 129,
    "threshold": 73,
    "direction": 2,
    "locname": "W H 108 Biomedical Engineering Department",
    "other": null,
    "_level": 1,
    "bnorth": -10,
    "ndist": -10,
    "bsouth": -10,
    "sdist": -10,
    "beast": -10,
    "edist": -10,
    "bwest": -10,
    "wdist": -10,
    "bneast": -10,
    "neastdist": -10,
    "bnwest": -10,
    "nwestdist": -10,
    "bseast": -10,
    "seastdist": -10,
    "bswest": 121,
    "swestdist": 1
  },
  {
    "beacon_id": 50,
    "group_id": 1,
    "node": 121,
    "numsens": 129,
    "threshold": 73,
    "direction": 2,
    "locname": "W H Hub 14 (1st floor)",
    "other": "149,422",
    "_level": 1,
    "bnorth": -10,
    "ndist": -10,
    "bsouth": 123,
    "sdist": 2,
    "beast": 126,
    "edist": 3,
    "bwest": 119,
    "wdist": 1,
    "bneast": 120,
    "neastdist": 1,
    "bnwest": -10,
    "nwestdist": -10,
    "bseast": -10,
    "seastdist": -10,
    "bswest": -10,
    "swestdist": -10
  },
  {
    "beacon_id": 51,
    "group_id": 1,
    "node": 122,
    "numsens": 129,
    "threshold": 73,
    "direction": 2,
    "locname": "W H West Entrance 1",
    "other": null,
    "_level": 1,
    "bnorth": -10,
    "ndist": -10,
    "bsouth": -10,
    "sdist": -10,
    "beast": 123,
    "edist": 1,
    "bwest": -10,
    "wdist": -10,
    "bneast": -10,
    "neastdist": -10,
    "bnwest": -10,
    "nwestdist": -10,
    "bseast": -10,
    "seastdist": -10,
    "bswest": -10,
    "swestdist": -10
  },
  {
    "beacon_id": 51,
    "group_id": 1,
    "node": 123,
    "numsens": 129,
    "threshold": 73,
    "direction": 2,
    "locname": "W H Hub 15 (1st floor)",
    "other": "142,453",
    "_level": 1,
    "bnorth": 121,
    "ndist": 2,
    "bsouth": -10,
    "sdist": -10,
    "beast": -10,
    "edist": -10,
    "bwest": 122,
    "wdist": 1,
    "bneast": -10,
    "neastdist": -10,
    "bnwest": -10,
    "nwestdist": -10,
    "bseast": 125,
    "seastdist": 4,
    "bswest": -10,
    "swestdist": -10
  },
  {
    "beacon_id": 52,
    "group_id": 1,
    "node": 124,
    "numsens": 129,
    "threshold": 73,
    "direction": 2,
    "locname": "W H South Entrance 2 & South Stairs (1st floor)",
    "other": null,
    "_level": 1,
    "bnorth": 125,
    "ndist": 1,
    "bsouth": -10,
    "sdist": -10,
    "beast": -10,
    "edist": -10,
    "bwest": -10,
    "wdist": -10,
    "bneast": -10,
    "neastdist": -10,
    "bnwest": -10,
    "nwestdist": -10,
    "bseast": -10,
    "seastdist": -10,
    "bswest": -10,
    "swestdist": -10
  },
  {
    "beacon_id": 52,
    "group_id": 1,
    "node": 125,
    "numsens": 129,
    "threshold": 73,
    "direction": 2,
    "locname": "W H Hub 16 (1st floor)",
    "other": "191,468",
    "_level": 1,
    "bnorth": -10,
    "ndist": -10,
    "bsouth": 124,
    "sdist": 1,
    "beast": -10,
    "edist": -10,
    "bwest": -10,
    "wdist": -10,
    "bneast": -10,
    "neastdist": -10,
    "bnwest": 123,
    "nwestdist": 4,
    "bseast": -10,
    "seastdist": -10,
    "bswest": -10,
    "swestdist": -10
  },
  {
    "beacon_id": 53,
    "group_id": 1,
    "node": 126,
    "numsens": 129,
    "threshold": 73,
    "direction": 2,
    "locname": "W H Hub 17 (1st floor)",
    "other": "187,422",
    "_level": 1,
    "bnorth": -10,
    "ndist": -10,
    "bsouth": -10,
    "sdist": -10,
    "beast": -10,
    "edist": -10,
    "bwest": 121,
    "wdist": 3,
    "bneast": 118,
    "neastdist": 7,
    "bnwest": -10,
    "nwestdist": -10,
    "bseast": -10,
    "seastdist": -10,
    "bswest": -10,
    "swestdist": -10
  },
  {
    "beacon_id": 60,
    "group_id": 2,
    "node": 127,
    "numsens": 129,
    "threshold": 73,
    "direction": 2,
    "locname": "J B South Entrance",
    "other": null,
    "_level": 1,
    "bnorth": -10,
    "ndist": -10,
    "bsouth": -10,
    "sdist": -10,
    "beast": -10,
    "edist": -10,
    "bwest": 128,
    "wdist": 2,
    "bneast": -10,
    "neastdist": -10,
    "bnwest": -10,
    "nwestdist": -10,
    "bseast": -10,
    "seastdist": -10,
    "bswest": -10,
    "swestdist": -10
  },
  {
    "beacon_id": 60,
    "group_id": 2,
    "node": 128,
    "numsens": 129,
    "threshold": 73,
    "direction": 2,
    "locname": "J B Hub 1",
    "other": "187,422",
    "_level": 1,
    "bnorth": -10,
    "ndist": -10,
    "bsouth": -10,
    "sdist": -10,
    "beast": 127,
    "edist": 2,
    "bwest": 111,
    "wdist": 2,
    "bneast": -10,
    "neastdist": -10,
    "bnwest": -10,
    "nwestdist": -10,
    "bseast": -10,
    "seastdist": -10,
    "bswest": -10,
    "swestdist": -10
  }
]